¹ßÇ¥³¯Â¥,¹ßÇ¥,ÀÌÀü´ëºñ
2024.11.08.,0.0475,0.25ÇÏ¶ô
2024.09.19.,0.05,0.50ÇÏ¶ô
2024.08.01.,0.055,-
2024.06.13.,0.055,-
2024.05.02.,0.055,-
2024.03.21.,0.055,-
2024.02.01.,0.055,-
2023.12.14.,0.055,-
2023.11.02.,0.055,-
2023.09.21.,0.055,-
2023.07.27.,0.055,0.25»ó½Â
2023.06.15.,0.0525,-
2023.05.04.,0.0525,0.25»ó½Â
2023.03.23.,0.05,0.25»ó½Â
2023.02.02.,0.0475,0.25»ó½Â
2022.12.15.,0.045,0.50»ó½Â
2022.11.03.,0.04,0.75»ó½Â
2022.09.22.,0.0325,0.75»ó½Â
2022.07.28.,0.025,0.75»ó½Â
2022.06.16.,0.0175,0.75»ó½Â
2022.05.05.,0.01,0.50»ó½Â
2022.03.17.,0.005,0.25»ó½Â
2022.01.27.,0.0025,-
2021.12.16.,0.0025,-
2021.11.04.,0.0025,-
2021.09.23.,0.0025,-
2021.07.29.,0.0025,-
2021.06.17.,0.0025,-
2021.04.29.,0.0025,-
2021.03.18.,0.0025,-
2021.01.28.,0.0025,-
2020.12.17.,0.0025,-
2020.11.06.,0.0025,-
2020.09.17.,0.0025,-
2020.07.30.,0.0025,-
2020.06.11.,0.0025,-
2020.04.30.,0.0025,-
2020.03.16.,0.0025,1.00ÇÏ¶ô
2020.03.04.,0.0125,0.50ÇÏ¶ô
2020.01.30.,0.0175,-
2019.12.12.,0.0175,-
2019.10.31.,0.0175,0.25ÇÏ¶ô
2019.09.19.,0.02,0.25ÇÏ¶ô
2019.08.01.,0.0225,0.25ÇÏ¶ô
2019.06.20.,0.025,-
2019.05.02.,0.025,-
2019.03.21.,0.025,-
2019.01.31.,0.025,-
2018.12.20.,0.025,0.25»ó½Â
2018.11.09.,0.0225,-
